{
  "accuracy": 0.97,
  "training_time": 9.119428634643555,
  "best_model": "SVM",
  "best_params": {
    "C": 10.0,
    "gamma": "scale",
    "kernel": "linear"
  },
  "original_features": 10,
  "engineered_features": 30,
  "model_performances": {
    "Random Forest": {
      "cv_accuracy": 0.96,
      "cv_f1": 0.9581754398136478,
      "train_time": 0.8498456478118896
    },
    "Gradient Boosting": {
      "cv_accuracy": 0.96125,
      "cv_f1": 0.9595709593470833,
      "train_time": 0.3664734363555908
    },
    "SVM": {
      "cv_accuracy": 0.9724999999999999,
      "cv_f1": 0.971116851094826,
      "train_time": 0.09044289588928223
    },
    "Neural Network": {
      "cv_accuracy": 0.9199999999999999,
      "cv_f1": 0.9163632106652404,
      "train_time": 0.19660115242004395
    }
  }
}